{
    "Tokens": {
        "correct": 12012,
        "gold_total": 12012,
        "system_total": 12012,
        "aligned_total": null,
        "precision": 1.0,
        "recall": 1.0,
        "f1": 1.0,
        "aligned_accuracy": null
    },
    "Sentences": {
        "correct": 500,
        "gold_total": 500,
        "system_total": 500,
        "aligned_total": null,
        "precision": 1.0,
        "recall": 1.0,
        "f1": 1.0,
        "aligned_accuracy": null
    },
    "Words": {
        "correct": 12012,
        "gold_total": 12012,
        "system_total": 12012,
        "aligned_total": null,
        "precision": 1.0,
        "recall": 1.0,
        "f1": 1.0,
        "aligned_accuracy": null
    },
    "UPOS": {
        "correct": 0,
        "gold_total": 12012,
        "system_total": 12012,
        "aligned_total": 12012,
        "precision": 0.0,
        "recall": 0.0,
        "f1": 0.0,
        "aligned_accuracy": 0.0
    },
    "XPOS": {
        "correct": 0,
        "gold_total": 12012,
        "system_total": 12012,
        "aligned_total": 12012,
        "precision": 0.0,
        "recall": 0.0,
        "f1": 0.0,
        "aligned_accuracy": 0.0
    },
    "UFeats": {
        "correct": 10663,
        "gold_total": 12012,
        "system_total": 12012,
        "aligned_total": 12012,
        "precision": 0.8876956376956376,
        "recall": 0.8876956376956376,
        "f1": 0.8876956376956376,
        "aligned_accuracy": 0.8876956376956376
    },
    "AllTags": {
        "correct": 0,
        "gold_total": 12012,
        "system_total": 12012,
        "aligned_total": 12012,
        "precision": 0.0,
        "recall": 0.0,
        "f1": 0.0,
        "aligned_accuracy": 0.0
    },
    "Lemmas": {
        "correct": 0,
        "gold_total": 12012,
        "system_total": 12012,
        "aligned_total": 12012,
        "precision": 0.0,
        "recall": 0.0,
        "f1": 0.0,
        "aligned_accuracy": 0.0
    },
    "UAS": {
        "correct": 6428,
        "gold_total": 12012,
        "system_total": 12012,
        "aligned_total": 12012,
        "precision": 0.5351315351315351,
        "recall": 0.5351315351315351,
        "f1": 0.5351315351315351,
        "aligned_accuracy": 0.5351315351315351
    },
    "LAS": {
        "correct": 3441,
        "gold_total": 12012,
        "system_total": 12012,
        "aligned_total": 12012,
        "precision": 0.28646353646353645,
        "recall": 0.28646353646353645,
        "f1": 0.28646353646353645,
        "aligned_accuracy": 0.28646353646353645
    },
    "CLAS": {
        "correct": 2000,
        "gold_total": 7034,
        "system_total": 8167,
        "aligned_total": 7034,
        "precision": 0.24488796375658137,
        "recall": 0.2843332385555872,
        "f1": 0.263140582856391,
        "aligned_accuracy": 0.2843332385555872
    },
    "MLAS": {
        "correct": 0,
        "gold_total": 7034,
        "system_total": 8167,
        "aligned_total": 7034,
        "precision": 0.0,
        "recall": 0.0,
        "f1": 0.0,
        "aligned_accuracy": 0.0
    },
    "BLEX": {
        "correct": 0,
        "gold_total": 7034,
        "system_total": 8167,
        "aligned_total": 7034,
        "precision": 0.0,
        "recall": 0.0,
        "f1": 0.0,
        "aligned_accuracy": 0.0
    }
}